Workbook

Sheet README
A1: Marketing AI Campaign Analytics
A3: This workbook supports KPI review and budget reallocation analysis for the marketing project.
A5: AI Assistance Used: KPI framing, workbook layout suggestions, and documentation support.

Sheet Inputs
A1: Budget Reallocation Controls
A3: Current Total Budget | B3: 11108749
A4: ROAS Weight | B4: 0.6
A5: Conversion Rate Weight | B5: 0.4

Sheet Platform KPIs
A1: platform | B1: impressions | C1: clicks | D1: CTR | E1: ad_spend | F1: CPC | G1: conversions | H1: conversion_rate | I1: CPA | J1: revenue | K1: ROAS | L1: profit | M1: share_of_spend
A2: Google Ads | B2: 73801150 | C2: 2936149 | D2: 0.039784597 | E2: 6349268.9 | F2: 2.1624478 | G2: 131098 | H2: 0.044649641 | I2: 48.43147 | J2: 22033745 | K2: 3.4702806 | L2: 15684476 | M2: 0.5715557
A3: Meta Ads | B3: 64403494 | C3: 1596736 | D3: 0.024792692 | E3: 2106061.7 | F3: 1.3189793 | G3: 73262 | H3: 0.04588235 | I3: 28.746986 | J3: 11926046 | K3: 5.6627239 | L3: 9819984.1 | M3: 0.18958585
A4: TikTok Ads | B4: 47049590 | C4: 2599931 | D4: 0.055259376 | E4: 2653418.5 | F4: 1.0205727 | G4: 122452 | H4: 0.047098173 | I4: 21.66905 | J4: 20223540 | K4: 7.6216925 | L4: 17570122 | M4: 0.23885844

Sheet Campaign Types
A1: campaign_type | B1: impressions | C1: clicks | D1: ad_spend | E1: conversions | F1: revenue | G1: CTR | H1: conversion_rate | I1: CPC | J1: CPA | K1: ROAS | L1: profit
A2: Display | B2: 43487104 | C2: 1638396 | D2: 2644735.1 | E2: 76869 | F2: 12798903 | G2: 0.037675445 | H2: 0.046917229 | I2: 1.6142222 | J2: 34.405744 | K2: 4.8393894 | L2: 10154168
A3: Search | B3: 47544475 | C3: 1898227 | D3: 2868006.9 | E3: 90641 | F3: 15218471 | G3: 0.039925291 | H3: 0.047750348 | I3: 1.5108872 | J3: 31.641386 | K3: 5.3062882 | L3: 12350464
A4: Shopping | B4: 46474038 | C4: 1785310 | D4: 2799548.6 | E4: 80074 | F4: 12824696 | G4: 0.038415212 | H4: 0.044851594 | I4: 1.5681023 | J4: 34.962018 | K4: 4.5809869 | L4: 10025147
A5: Video | B5: 47748617 | C5: 1810883 | D5: 2796458.5 | E5: 79228 | F5: 13341261 | G5: 0.03792535 | H5: 0.043751032 | I5: 1.5442513 | J5: 35.296341 | K5: 4.7707703 | L5: 10544803

Sheet Budget Scenario
A1: platform | B1: current_budget | C1: ROAS | D1: conversion_rate | E1: score | F1: recommended_share | G1: recommended_budget | H1: budget_shift
A2: ='Platform KPIs'!A2 -> Google Ads | B2: ='Platform KPIs'!E2 -> 6349268.9 | C2: ='Platform KPIs'!K2 -> 3.4702806 | D2: ='Platform KPIs'!H2 -> 0.044649641 | E2: =(C2/MAX($C$2:$C$4))*Inputs!$B$4+(D2/MAX($D$2:$D$4))*Inputs!$B$5 -> 0.65239463 | F2: =E2/SUM($E$2:$E$4) -> 0.26223193 | G2: =F2*Inputs!$B$3 -> 2913068.7 | H2: =G2-B2 -> -3436200.2
A3: ='Platform KPIs'!A3 -> Meta Ads | B3: ='Platform KPIs'!E3 -> 2106061.7 | C3: ='Platform KPIs'!K3 -> 5.6627239 | D3: ='Platform KPIs'!H3 -> 0.04588235 | E3: =(C3/MAX($C$2:$C$4))*Inputs!$B$4+(D3/MAX($D$2:$D$4))*Inputs!$B$5 -> 0.83545889 | F3: =E3/SUM($E$2:$E$4) -> 0.33581515 | G3: =F3*Inputs!$B$3 -> 3730486.2 | H3: =G3-B3 -> 1624424.5
A4: ='Platform KPIs'!A4 -> TikTok Ads | B4: ='Platform KPIs'!E4 -> 2653418.5 | C4: ='Platform KPIs'!K4 -> 7.6216925 | D4: ='Platform KPIs'!H4 -> 0.047098173 | E4: =(C4/MAX($C$2:$C$4))*Inputs!$B$4+(D4/MAX($D$2:$D$4))*Inputs!$B$5 -> 1 | F4: =E4/SUM($E$2:$E$4) -> 0.40195292 | G4: =F4*Inputs!$B$3 -> 4465194.2 | H4: =G4-B4 -> 1811775.7
